{
	"IcoMoonType": "selection",
	"icons": [
		{
			"icon": {
				"paths": [
					"M1018.17 291.89l-286.058-286.058c-9.334-9.334-21.644-7.234-27.356 4.666l-38.354 79.904 267.198 267.198 79.904-38.354c11.9-5.712 14-18.022 4.666-27.356z",
					"M615.384 135.384l-263.384 21.95c-17.5 2.166-32.080 5.898-37.090 28.752-0.006 0.024-0.012 0.042-0.018 0.066-71.422 343.070-314.892 677.848-314.892 677.848l57.374 57.374 271.986-271.99c-5.996-12.53-9.36-26.564-9.36-41.384 0-53.020 42.98-96 96-96s96 42.98 96 96-42.98 96-96 96c-14.82 0-28.852-3.364-41.384-9.36l-271.988 271.986 57.372 57.374c0 0 334.778-243.47 677.848-314.892 0.024-0.006 0.042-0.012 0.066-0.018 22.854-5.010 26.586-19.59 28.752-37.090l21.95-263.384-273.232-273.232z"
				],
				"attrs": [],
				"tags": [
					"pen",
					"write",
					"edit"
				],
				"defaultCode": 57367,
				"grid": 16
			},
			"attrs": [],
			"properties": {
				"id": 74,
				"order": 5,
				"prevSize": 32,
				"code": 59656,
				"ligatures": "pen, write3",
				"name": "Lapiz"
			},
			"setIdx": 0,
			"setId": 0,
			"iconIdx": 8
		},
		{
			"icon": {
				"paths": [
					"M1024 397.050l-353.78-51.408-158.22-320.582-158.216 320.582-353.784 51.408 256 249.538-60.432 352.352 316.432-166.358 316.432 166.358-60.434-352.352 256.002-249.538z"
				],
				"attrs": [],
				"tags": [
					"star-full",
					"rate",
					"star",
					"favorite",
					"bookmark"
				],
				"defaultCode": 58113,
				"grid": 16
			},
			"attrs": [],
			"properties": {
				"id": 865,
				"order": 6,
				"prevSize": 32,
				"code": 59865,
				"ligatures": "star-full, rate3",
				"name": "estrella"
			},
			"setIdx": 0,
			"setId": 0,
			"iconIdx": 217
		},
		{
			"icon": {
				"paths": [
					"M0 512c0 282.77 229.23 512 512 512s512-229.23 512-512-229.23-512-512-512-512 229.23-512 512zM928 512c0 229.75-186.25 416-416 416s-416-186.25-416-416 186.25-416 416-416 416 186.25 416 416z",
					"M706.744 669.256l90.512-90.512-285.256-285.254-285.254 285.256 90.508 90.508 194.746-194.744z"
				],
				"attrs": [],
				"tags": [
					"circle-up",
					"up",
					"circle-top",
					"arrow"
				],
				"defaultCode": 58883,
				"grid": 16
			},
			"attrs": [],
			"properties": {
				"order": 3,
				"id": 1393,
				"prevSize": 32,
				"code": 59969,
				"ligatures": "circle-up, up3",
				"name": "flechaUp"
			},
			"setIdx": 0,
			"setId": 0,
			"iconIdx": 321
		},
		{
			"icon": {
				"paths": [
					"M1024 512c0-282.77-229.23-512-512-512s-512 229.23-512 512 229.23 512 512 512 512-229.23 512-512zM96 512c0-229.75 186.25-416 416-416s416 186.25 416 416-186.25 416-416 416-416-186.25-416-416z",
					"M317.256 354.744l-90.512 90.512 285.256 285.254 285.254-285.256-90.508-90.508-194.746 194.744z"
				],
				"attrs": [],
				"tags": [
					"circle-down",
					"down",
					"circle-bottom",
					"arrow"
				],
				"defaultCode": 58883,
				"grid": 16
			},
			"attrs": [],
			"properties": {
				"order": 4,
				"id": 1394,
				"prevSize": 32,
				"code": 59971,
				"ligatures": "circle-down, down3",
				"name": "FlechaDown"
			},
			"setIdx": 0,
			"setId": 0,
			"iconIdx": 323
		}
	],
	"height": 1024,
	"metadata": {
		"name": "icomoon"
	},
	"preferences": {
		"showGlyphs": true,
		"showQuickUse": true,
		"showQuickUse2": true,
		"showSVGs": true,
		"fontPref": {
			"prefix": "icon-",
			"metadata": {
				"fontFamily": "icomoon"
			},
			"metrics": {
				"emSize": 1024,
				"baseline": 6.25,
				"whitespace": 50
			}
		},
		"imagePref": {
			"prefix": "icon-",
			"png": true,
			"useClassSelector": true,
			"color": 4473924,
			"bgColor": 16777215
		},
		"historySize": 100,
		"showCodes": true
	}
}